<?xml version="1.0" encoding="UTF-8"?><record_update table="sp_container">
    <sp_container action="DELETE">
        <background_color/>
        <background_image/>
        <background_style>default</background_style>
        <bootstrap_alt>false</bootstrap_alt>
        <class_name/>
        <container_class_name/>
        <name>Email Verify - Test Page - Container 1</name>
        <order>1</order>
        <sp_page display_value="email_verify">68feb5871bcda010ed077596cc4bcbc6</sp_page>
        <subheader>false</subheader>
        <sys_class_name>sp_container</sys_class_name>
        <sys_created_by>admin</sys_created_by>
        <sys_created_on>2020-12-17 13:19:57</sys_created_on>
        <sys_id>acfeb5871bcda010ed077596cc4bcbc9</sys_id>
        <sys_mod_count>0</sys_mod_count>
        <sys_name>Email Verify - Test Page - Container 1</sys_name>
        <sys_package display_value="Email Verifier" source="x_364985_email_ver">fe2eec0f1b49a010ed077596cc4bcbe4</sys_package>
        <sys_policy/>
        <sys_scope display_value="Email Verifier">fe2eec0f1b49a010ed077596cc4bcbe4</sys_scope>
        <sys_update_name>sp_container_acfeb5871bcda010ed077596cc4bcbc9</sys_update_name>
        <sys_updated_by>admin</sys_updated_by>
        <sys_updated_on>2020-12-17 13:19:57</sys_updated_on>
        <title/>
        <width>container</width>
    </sp_container>
    <sys_update_version action="INSERT_OR_UPDATE">
        <action>DELETE</action>
        <application display_value="Email Verifier">fe2eec0f1b49a010ed077596cc4bcbe4</application>
        <file_path/>
        <instance_id>e24fe9e5dbcbf380f492c597059619c1</instance_id>
        <instance_name>dev90529</instance_name>
        <name>sp_container_acfeb5871bcda010ed077596cc4bcbc9</name>
        <payload><![CDATA[<?xml version="1.0" encoding="UTF-8"?><record_update table="sp_container"><sp_container action="INSERT_OR_UPDATE"><background_color/><background_image/><background_style>default</background_style><bootstrap_alt>false</bootstrap_alt><class_name/><container_class_name/><name>Email Verify - Test Page - Container 1</name><order>1</order><sp_page display_value="email_verify">68feb5871bcda010ed077596cc4bcbc6</sp_page><subheader>false</subheader><sys_class_name>sp_container</sys_class_name><sys_created_by>admin</sys_created_by><sys_created_on>2020-12-17 13:19:57</sys_created_on><sys_id>acfeb5871bcda010ed077596cc4bcbc9</sys_id><sys_mod_count>0</sys_mod_count><sys_name>Email Verify - Test Page - Container 1</sys_name><sys_package display_value="Email Verifier" source="x_364985_email_ver">fe2eec0f1b49a010ed077596cc4bcbe4</sys_package><sys_policy/><sys_scope display_value="Email Verifier">fe2eec0f1b49a010ed077596cc4bcbe4</sys_scope><sys_update_name>sp_container_acfeb5871bcda010ed077596cc4bcbc9</sys_update_name><sys_updated_by>admin</sys_updated_by><sys_updated_on>2020-12-17 13:19:57</sys_updated_on><title/><width>container</width></sp_container></record_update>]]></payload>
        <payload_hash>-1254571846</payload_hash>
        <record_name>Email Verify - Test Page - Container 1</record_name>
        <reverted_from/>
        <source>fa2eec0f1b49a010ed077596cc4bcbe6</source>
        <source_table>sys_update_set</source_table>
        <state>previous</state>
        <sys_created_by>admin</sys_created_by>
        <sys_created_on>2020-12-17 13:19:57</sys_created_on>
        <sys_id>64feb5871bcda010ed077596cc4bcbcc</sys_id>
        <sys_mod_count>0</sys_mod_count>
        <sys_recorded_at>17670db6f680000001</sys_recorded_at>
        <sys_updated_by>admin</sys_updated_by>
        <sys_updated_on>2020-12-17 13:19:57</sys_updated_on>
        <type>Container</type>
        <update_guid>acfeb587accda01015cd0e36eff516cb</update_guid>
        <update_guid_history>acfeb587accda01015cd0e36eff516cb:-1254571846</update_guid_history>
    </sys_update_version>
    <sys_metadata_delete action="INSERT_OR_UPDATE">
        <sys_audit_delete display_value="Email Verify - Test Page - Container 1">9a0a92c31b41e010ed077596cc4bcb1d</sys_audit_delete>
        <sys_class_name>sys_metadata_delete</sys_class_name>
        <sys_created_by>admin</sys_created_by>
        <sys_created_on>2020-12-17 15:18:19</sys_created_on>
        <sys_db_object display_value="" name="sp_container">sp_container</sys_db_object>
        <sys_id>7d00a74e550b4fcbabc0577e84f08891</sys_id>
        <sys_metadata>acfeb5871bcda010ed077596cc4bcbc9</sys_metadata>
        <sys_mod_count>0</sys_mod_count>
        <sys_name>Email Verify - Test Page - Container 1</sys_name>
        <sys_package display_value="Email Verifier" source="x_364985_email_ver">fe2eec0f1b49a010ed077596cc4bcbe4</sys_package>
        <sys_parent/>
        <sys_policy/>
        <sys_scope display_value="Email Verifier">fe2eec0f1b49a010ed077596cc4bcbe4</sys_scope>
        <sys_scope_delete display_value="">1651b4e561a840b0846ff2fcc432a900</sys_scope_delete>
        <sys_update_name>sp_container_acfeb5871bcda010ed077596cc4bcbc9</sys_update_name>
        <sys_update_version display_value="sp_container_acfeb5871bcda010ed077596cc4bcbc9">64feb5871bcda010ed077596cc4bcbcc</sys_update_version>
        <sys_updated_by>admin</sys_updated_by>
        <sys_updated_on>2020-12-17 15:18:19</sys_updated_on>
    </sys_metadata_delete>
</record_update>
