<?xml version="1.0" encoding="UTF-8"?><record_update table="sp_instance">
    <sp_instance action="DELETE">
        <active>true</active>
        <class_name/>
        <color>default</color>
        <css/>
        <glyph/>
        <id/>
        <order>1</order>
        <roles/>
        <short_description/>
        <size>md</size>
        <sp_column display_value="1">a0feb5871bcda010ed077596cc4bcbcf</sp_column>
        <sp_widget display_value="Email Verify">2cfe39cf1b8da010ed077596cc4bcb54</sp_widget>
        <sys_class_name>sp_instance</sys_class_name>
        <sys_created_by>admin</sys_created_by>
        <sys_created_on>2020-12-17 13:19:57</sys_created_on>
        <sys_id>68feb5871bcda010ed077596cc4bcbd1</sys_id>
        <sys_mod_count>0</sys_mod_count>
        <sys_name/>
        <sys_package display_value="Email Verifier" source="x_364985_email_ver">fe2eec0f1b49a010ed077596cc4bcbe4</sys_package>
        <sys_policy/>
        <sys_scope display_value="Email Verifier">fe2eec0f1b49a010ed077596cc4bcbe4</sys_scope>
        <sys_update_name>sp_instance_68feb5871bcda010ed077596cc4bcbd1</sys_update_name>
        <sys_updated_by>admin</sys_updated_by>
        <sys_updated_on>2020-12-17 13:19:57</sys_updated_on>
        <title/>
        <url/>
        <widget_parameters/>
    </sp_instance>
    <sys_translated_text action="DELETE" query="documentkey=68feb5871bcda010ed077596cc4bcbd1"/>
    <sys_update_version action="INSERT_OR_UPDATE">
        <action>DELETE</action>
        <application display_value="Email Verifier">fe2eec0f1b49a010ed077596cc4bcbe4</application>
        <file_path/>
        <instance_id>e24fe9e5dbcbf380f492c597059619c1</instance_id>
        <instance_name>dev90529</instance_name>
        <name>sp_instance_68feb5871bcda010ed077596cc4bcbd1</name>
        <payload><![CDATA[<?xml version="1.0" encoding="UTF-8"?><record_update table="sp_instance"><sp_instance action="INSERT_OR_UPDATE"><active>true</active><class_name/><color>default</color><css/><glyph/><id/><order>1</order><roles/><short_description/><size>md</size><sp_column display_value="1">a0feb5871bcda010ed077596cc4bcbcf</sp_column><sp_widget display_value="Email Verify">2cfe39cf1b8da010ed077596cc4bcb54</sp_widget><sys_class_name>sp_instance</sys_class_name><sys_created_by>admin</sys_created_by><sys_created_on>2020-12-17 13:19:57</sys_created_on><sys_id>68feb5871bcda010ed077596cc4bcbd1</sys_id><sys_mod_count>0</sys_mod_count><sys_name/><sys_package display_value="Email Verifier" source="x_364985_email_ver">fe2eec0f1b49a010ed077596cc4bcbe4</sys_package><sys_policy/><sys_scope display_value="Email Verifier">fe2eec0f1b49a010ed077596cc4bcbe4</sys_scope><sys_update_name>sp_instance_68feb5871bcda010ed077596cc4bcbd1</sys_update_name><sys_updated_by>admin</sys_updated_by><sys_updated_on>2020-12-17 13:19:57</sys_updated_on><title/><url/><widget_parameters/></sp_instance><sys_translated_text action="delete_multiple" query="documentkey=68feb5871bcda010ed077596cc4bcbd1"/></record_update>]]></payload>
        <payload_hash>1262264767</payload_hash>
        <record_name/>
        <reverted_from/>
        <source>fa2eec0f1b49a010ed077596cc4bcbe6</source>
        <source_table>sys_update_set</source_table>
        <state>previous</state>
        <sys_created_by>admin</sys_created_by>
        <sys_created_on>2020-12-17 13:19:57</sys_created_on>
        <sys_id>64feb5871bcda010ed077596cc4bcbd4</sys_id>
        <sys_mod_count>0</sys_mod_count>
        <sys_recorded_at>17670db701c0000001</sys_recorded_at>
        <sys_updated_by>admin</sys_updated_by>
        <sys_updated_on>2020-12-17 13:19:57</sys_updated_on>
        <type>Instance</type>
        <update_guid>acfeb58728cda01090a16b99225d73d3</update_guid>
        <update_guid_history>acfeb58728cda01090a16b99225d73d3:1262264767</update_guid_history>
    </sys_update_version>
    <sys_metadata_delete action="INSERT_OR_UPDATE">
        <sys_audit_delete display_value="">160a92c31b41e010ed077596cc4bcb06</sys_audit_delete>
        <sys_class_name>sys_metadata_delete</sys_class_name>
        <sys_created_by>admin</sys_created_by>
        <sys_created_on>2020-12-17 15:18:18</sys_created_on>
        <sys_db_object display_value="" name="sp_instance">sp_instance</sys_db_object>
        <sys_id>8149a437fbe0470b9e606742eafdeb69</sys_id>
        <sys_metadata>68feb5871bcda010ed077596cc4bcbd1</sys_metadata>
        <sys_mod_count>0</sys_mod_count>
        <sys_name/>
        <sys_package display_value="Email Verifier" source="x_364985_email_ver">fe2eec0f1b49a010ed077596cc4bcbe4</sys_package>
        <sys_parent/>
        <sys_policy/>
        <sys_scope display_value="Email Verifier">fe2eec0f1b49a010ed077596cc4bcbe4</sys_scope>
        <sys_scope_delete display_value="">1651b4e561a840b0846ff2fcc432a900</sys_scope_delete>
        <sys_update_name>sp_instance_68feb5871bcda010ed077596cc4bcbd1</sys_update_name>
        <sys_update_version display_value="sp_instance_68feb5871bcda010ed077596cc4bcbd1">64feb5871bcda010ed077596cc4bcbd4</sys_update_version>
        <sys_updated_by>admin</sys_updated_by>
        <sys_updated_on>2020-12-17 15:18:18</sys_updated_on>
    </sys_metadata_delete>
</record_update>
