<?xml version="1.0" encoding="UTF-8"?><record_update sys_domain="global" table="sys_app_module">
    <sys_app_module action="DELETE">
        <active>true</active>
        <application display_value="Email Verifier">5aae244f1b49a010ed077596cc4bcbad</application>
        <assessment/>
        <device_type/>
        <filter/>
        <hint/>
        <homepage/>
        <image/>
        <link_type>NEW</link_type>
        <map_page/>
        <mobile_title>Create New</mobile_title>
        <mobile_view_name>Mobile</mobile_view_name>
        <name>customer_account</name>
        <order>2</order>
        <override_menu_roles>false</override_menu_roles>
        <query/>
        <report/>
        <roles/>
        <sys_class_name>sys_app_module</sys_class_name>
        <sys_created_by>admin</sys_created_by>
        <sys_created_on>2020-12-17 07:29:11</sys_created_on>
        <sys_domain>global</sys_domain>
        <sys_domain_path>/</sys_domain_path>
        <sys_id>22ae60031b89a010ed077596cc4bcbe4</sys_id>
        <sys_mod_count>0</sys_mod_count>
        <sys_name>Create New</sys_name>
        <sys_overrides/>
        <sys_package display_value="Email Verifier" source="x_364985_email_ver">fe2eec0f1b49a010ed077596cc4bcbe4</sys_package>
        <sys_policy/>
        <sys_scope display_value="Email Verifier">fe2eec0f1b49a010ed077596cc4bcbe4</sys_scope>
        <sys_update_name>sys_app_module_22ae60031b89a010ed077596cc4bcbe4</sys_update_name>
        <sys_updated_by>admin</sys_updated_by>
        <sys_updated_on>2020-12-17 07:29:11</sys_updated_on>
        <timeline_page/>
        <title>Create New</title>
        <uncancelable>false</uncancelable>
        <view_name/>
        <window_name/>
    </sys_app_module>
    <sys_update_version action="INSERT_OR_UPDATE">
        <action>DELETE</action>
        <application display_value="Email Verifier">fe2eec0f1b49a010ed077596cc4bcbe4</application>
        <file_path/>
        <instance_id>e24fe9e5dbcbf380f492c597059619c1</instance_id>
        <instance_name>dev90529</instance_name>
        <name>sys_app_module_22ae60031b89a010ed077596cc4bcbe4</name>
        <payload><![CDATA[<?xml version="1.0" encoding="UTF-8"?><record_update sys_domain="global" table="sys_app_module"><sys_app_module action="INSERT_OR_UPDATE"><active>true</active><application display_value="Email Verifier">5aae244f1b49a010ed077596cc4bcbad</application><assessment/><device_type/><filter/><hint/><homepage/><image/><link_type>NEW</link_type><map_page/><mobile_title>Create New</mobile_title><mobile_view_name>Mobile</mobile_view_name><name>customer_account</name><order>2</order><override_menu_roles>false</override_menu_roles><query/><report/><roles/><sys_class_name>sys_app_module</sys_class_name><sys_created_by>admin</sys_created_by><sys_created_on>2020-12-17 07:29:11</sys_created_on><sys_domain>global</sys_domain><sys_domain_path>/</sys_domain_path><sys_id>22ae60031b89a010ed077596cc4bcbe4</sys_id><sys_mod_count>0</sys_mod_count><sys_name>Create New</sys_name><sys_overrides/><sys_package display_value="Email Verifier" source="x_364985_email_ver">fe2eec0f1b49a010ed077596cc4bcbe4</sys_package><sys_policy/><sys_scope display_value="Email Verifier">fe2eec0f1b49a010ed077596cc4bcbe4</sys_scope><sys_update_name>sys_app_module_22ae60031b89a010ed077596cc4bcbe4</sys_update_name><sys_updated_by>admin</sys_updated_by><sys_updated_on>2020-12-17 07:29:11</sys_updated_on><timeline_page/><title>Create New</title><uncancelable>false</uncancelable><view_name/><window_name/></sys_app_module></record_update>]]></payload>
        <payload_hash>-451589801</payload_hash>
        <record_name>Create New</record_name>
        <reverted_from/>
        <source>fa2eec0f1b49a010ed077596cc4bcbe6</source>
        <source_table>sys_update_set</source_table>
        <state>previous</state>
        <sys_created_by>admin</sys_created_by>
        <sys_created_on>2020-12-17 07:29:11</sys_created_on>
        <sys_id>6eae60031b89a010ed077596cc4bcbe5</sys_id>
        <sys_mod_count>0</sys_mod_count>
        <sys_recorded_at>1766f9a4c990000001</sys_recorded_at>
        <sys_updated_by>admin</sys_updated_by>
        <sys_updated_on>2020-12-17 07:29:11</sys_updated_on>
        <type>Module</type>
        <update_guid>a6ae60031489a010afe9091c3d6c02e5</update_guid>
        <update_guid_history>a6ae60031489a010afe9091c3d6c02e5:-451589801</update_guid_history>
    </sys_update_version>
    <sys_metadata_delete action="INSERT_OR_UPDATE">
        <sys_audit_delete display_value="Create New">22cee0031b89a010ed077596cc4bcbd8</sys_audit_delete>
        <sys_class_name>sys_metadata_delete</sys_class_name>
        <sys_created_by>admin</sys_created_by>
        <sys_created_on>2020-12-17 07:29:45</sys_created_on>
        <sys_db_object display_value="" name="sys_app_module">sys_app_module</sys_db_object>
        <sys_id>2d113b8399ef4f12a0b3cb31f397e821</sys_id>
        <sys_metadata>22ae60031b89a010ed077596cc4bcbe4</sys_metadata>
        <sys_mod_count>0</sys_mod_count>
        <sys_name>Create New</sys_name>
        <sys_package display_value="Email Verifier" source="x_364985_email_ver">fe2eec0f1b49a010ed077596cc4bcbe4</sys_package>
        <sys_parent/>
        <sys_policy/>
        <sys_scope display_value="Email Verifier">fe2eec0f1b49a010ed077596cc4bcbe4</sys_scope>
        <sys_scope_delete display_value="">1651b4e561a840b0846ff2fcc432a900</sys_scope_delete>
        <sys_update_name>sys_app_module_22ae60031b89a010ed077596cc4bcbe4</sys_update_name>
        <sys_update_version display_value="sys_app_module_22ae60031b89a010ed077596cc4bcbe4">6eae60031b89a010ed077596cc4bcbe5</sys_update_version>
        <sys_updated_by>admin</sys_updated_by>
        <sys_updated_on>2020-12-17 07:29:45</sys_updated_on>
    </sys_metadata_delete>
</record_update>
