<?xml version="1.0" encoding="UTF-8"?><record_update sys_domain="global" table="sys_app_module">
    <sys_app_module action="DELETE">
        <active>true</active>
        <application display_value="Email Verifier">5aae244f1b49a010ed077596cc4bcbad</application>
        <assessment/>
        <device_type/>
        <filter/>
        <hint/>
        <homepage/>
        <image/>
        <link_type>SEPARATOR</link_type>
        <map_page/>
        <mobile_title>Account</mobile_title>
        <mobile_view_name>Mobile</mobile_view_name>
        <name/>
        <order>1</order>
        <override_menu_roles>false</override_menu_roles>
        <query/>
        <report/>
        <roles/>
        <sys_class_name>sys_app_module</sys_class_name>
        <sys_created_by>admin</sys_created_by>
        <sys_created_on>2020-12-17 07:29:11</sys_created_on>
        <sys_domain>global</sys_domain>
        <sys_domain_path>/</sys_domain_path>
        <sys_id>5aae60031b89a010ed077596cc4bcbe0</sys_id>
        <sys_mod_count>0</sys_mod_count>
        <sys_name>Account</sys_name>
        <sys_overrides/>
        <sys_package display_value="Email Verifier" source="x_364985_email_ver">fe2eec0f1b49a010ed077596cc4bcbe4</sys_package>
        <sys_policy/>
        <sys_scope display_value="Email Verifier">fe2eec0f1b49a010ed077596cc4bcbe4</sys_scope>
        <sys_update_name>sys_app_module_5aae60031b89a010ed077596cc4bcbe0</sys_update_name>
        <sys_updated_by>admin</sys_updated_by>
        <sys_updated_on>2020-12-17 07:29:11</sys_updated_on>
        <timeline_page/>
        <title>Account</title>
        <uncancelable>false</uncancelable>
        <view_name/>
        <window_name/>
    </sys_app_module>
    <sys_update_version action="INSERT_OR_UPDATE">
        <action>DELETE</action>
        <application display_value="Email Verifier">fe2eec0f1b49a010ed077596cc4bcbe4</application>
        <file_path/>
        <instance_id>e24fe9e5dbcbf380f492c597059619c1</instance_id>
        <instance_name>dev90529</instance_name>
        <name>sys_app_module_5aae60031b89a010ed077596cc4bcbe0</name>
        <payload><![CDATA[<?xml version="1.0" encoding="UTF-8"?><record_update sys_domain="global" table="sys_app_module"><sys_app_module action="INSERT_OR_UPDATE"><active>true</active><application display_value="Email Verifier">5aae244f1b49a010ed077596cc4bcbad</application><assessment/><device_type/><filter/><hint/><homepage/><image/><link_type>SEPARATOR</link_type><map_page/><mobile_title>Account</mobile_title><mobile_view_name>Mobile</mobile_view_name><name/><order>1</order><override_menu_roles>false</override_menu_roles><query/><report/><roles/><sys_class_name>sys_app_module</sys_class_name><sys_created_by>admin</sys_created_by><sys_created_on>2020-12-17 07:29:11</sys_created_on><sys_domain>global</sys_domain><sys_domain_path>/</sys_domain_path><sys_id>5aae60031b89a010ed077596cc4bcbe0</sys_id><sys_mod_count>0</sys_mod_count><sys_name>Account</sys_name><sys_overrides/><sys_package display_value="Email Verifier" source="x_364985_email_ver">fe2eec0f1b49a010ed077596cc4bcbe4</sys_package><sys_policy/><sys_scope display_value="Email Verifier">fe2eec0f1b49a010ed077596cc4bcbe4</sys_scope><sys_update_name>sys_app_module_5aae60031b89a010ed077596cc4bcbe0</sys_update_name><sys_updated_by>admin</sys_updated_by><sys_updated_on>2020-12-17 07:29:11</sys_updated_on><timeline_page/><title>Account</title><uncancelable>false</uncancelable><view_name/><window_name/></sys_app_module></record_update>]]></payload>
        <payload_hash>-1374390631</payload_hash>
        <record_name>Account</record_name>
        <reverted_from/>
        <source>fa2eec0f1b49a010ed077596cc4bcbe6</source>
        <source_table>sys_update_set</source_table>
        <state>previous</state>
        <sys_created_by>admin</sys_created_by>
        <sys_created_on>2020-12-17 07:29:11</sys_created_on>
        <sys_id>6aae60031b89a010ed077596cc4bcbe3</sys_id>
        <sys_mod_count>0</sys_mod_count>
        <sys_recorded_at>1766f9a4c6e0000001</sys_recorded_at>
        <sys_updated_by>admin</sys_updated_by>
        <sys_updated_on>2020-12-17 07:29:11</sys_updated_on>
        <type>Module</type>
        <update_guid>a2ae60030a89a0106bae5d8b29df74e3</update_guid>
        <update_guid_history>a2ae60030a89a0106bae5d8b29df74e3:-1374390631</update_guid_history>
    </sys_update_version>
    <sys_metadata_delete action="INSERT_OR_UPDATE">
        <sys_audit_delete display_value="Account">d7bea0031b89a010ed077596cc4bcb0e</sys_audit_delete>
        <sys_class_name>sys_metadata_delete</sys_class_name>
        <sys_created_by>admin</sys_created_by>
        <sys_created_on>2020-12-17 07:29:32</sys_created_on>
        <sys_db_object display_value="" name="sys_app_module">sys_app_module</sys_db_object>
        <sys_id>5e37787c91f147bf94e862cb21bef3f9</sys_id>
        <sys_metadata>5aae60031b89a010ed077596cc4bcbe0</sys_metadata>
        <sys_mod_count>0</sys_mod_count>
        <sys_name>Account</sys_name>
        <sys_package display_value="Email Verifier" source="x_364985_email_ver">fe2eec0f1b49a010ed077596cc4bcbe4</sys_package>
        <sys_parent/>
        <sys_policy/>
        <sys_scope display_value="Email Verifier">fe2eec0f1b49a010ed077596cc4bcbe4</sys_scope>
        <sys_scope_delete display_value="">1651b4e561a840b0846ff2fcc432a900</sys_scope_delete>
        <sys_update_name>sys_app_module_5aae60031b89a010ed077596cc4bcbe0</sys_update_name>
        <sys_update_version display_value="sys_app_module_5aae60031b89a010ed077596cc4bcbe0">6aae60031b89a010ed077596cc4bcbe3</sys_update_version>
        <sys_updated_by>admin</sys_updated_by>
        <sys_updated_on>2020-12-17 07:29:32</sys_updated_on>
    </sys_metadata_delete>
</record_update>
