<?xml version="1.0" encoding="UTF-8"?><record_update>
    <sys_choice action="INSERT_OR_UPDATE" field="status" table="x_364985_email_ver_verification" version="3">
        <sys_choice_set action="INSERT_OR_UPDATE">
            <element>status</element>
            <name>x_364985_email_ver_verification</name>
            <sys_class_name>sys_choice_set</sys_class_name>
            <sys_created_by>admin</sys_created_by>
            <sys_created_on>2020-12-17 07:34:20</sys_created_on>
            <sys_id>75df6c431b89a010ed077596cc4bcb26</sys_id>
            <sys_mod_count>0</sys_mod_count>
            <sys_name>status</sys_name>
            <sys_package display_value="Email Verifier" source="x_364985_email_ver">fe2eec0f1b49a010ed077596cc4bcbe4</sys_package>
            <sys_policy/>
            <sys_scope display_value="Email Verifier">fe2eec0f1b49a010ed077596cc4bcbe4</sys_scope>
            <sys_update_name>sys_choice_x_364985_email_ver_verification_status</sys_update_name>
            <sys_updated_by>admin</sys_updated_by>
            <sys_updated_on>2020-12-17 07:34:20</sys_updated_on>
        </sys_choice_set>
        <sys_choice action="INSERT_OR_UPDATE">
            <dependent_value/>
            <element>status</element>
            <hint/>
            <inactive>false</inactive>
            <label>Pending</label>
            <language>en</language>
            <name>x_364985_email_ver_verification</name>
            <sequence>10</sequence>
            <sys_created_by>admin</sys_created_by>
            <sys_created_on>2020-12-17 07:34:20</sys_created_on>
            <sys_domain>global</sys_domain>
            <sys_domain_path>/</sys_domain_path>
            <sys_id>cbcf6c431b89a010ed077596cc4bcb64</sys_id>
            <sys_mod_count>0</sys_mod_count>
            <sys_updated_by>admin</sys_updated_by>
            <sys_updated_on>2020-12-17 07:34:20</sys_updated_on>
            <value>10</value>
        </sys_choice>
        <sys_choice action="INSERT_OR_UPDATE">
            <dependent_value/>
            <element>status</element>
            <hint/>
            <inactive>false</inactive>
            <label>Verified</label>
            <language>en</language>
            <name>x_364985_email_ver_verification</name>
            <sequence>20</sequence>
            <sys_created_by>admin</sys_created_by>
            <sys_created_on>2020-12-17 07:34:37</sys_created_on>
            <sys_domain>global</sys_domain>
            <sys_domain_path>/</sys_domain_path>
            <sys_id>02ef28431b89a010ed077596cc4bcb30</sys_id>
            <sys_mod_count>0</sys_mod_count>
            <sys_updated_by>admin</sys_updated_by>
            <sys_updated_on>2020-12-17 07:34:37</sys_updated_on>
            <value>20</value>
        </sys_choice>
    </sys_choice>
</record_update>
