<?xml version="1.0" encoding="UTF-8"?><record_update table="sp_column">
    <sp_column action="INSERT_OR_UPDATE">
        <class_name/>
        <order>1</order>
        <size>12</size>
        <size_lg/>
        <size_sm/>
        <size_xs/>
        <sp_row display_value="1">54c99a831b41e010ed077596cc4bcbaa</sp_row>
        <sys_class_name>sp_column</sys_class_name>
        <sys_created_by>admin</sys_created_by>
        <sys_created_on>2020-12-17 15:17:05</sys_created_on>
        <sys_id>d8c99a831b41e010ed077596cc4bcbac</sys_id>
        <sys_mod_count>0</sys_mod_count>
        <sys_name>1</sys_name>
        <sys_package display_value="Email Verifier" source="x_364985_email_ver">fe2eec0f1b49a010ed077596cc4bcbe4</sys_package>
        <sys_policy/>
        <sys_scope display_value="Email Verifier">fe2eec0f1b49a010ed077596cc4bcbe4</sys_scope>
        <sys_update_name>sp_column_d8c99a831b41e010ed077596cc4bcbac</sys_update_name>
        <sys_updated_by>admin</sys_updated_by>
        <sys_updated_on>2020-12-17 15:17:05</sys_updated_on>
    </sp_column>
</record_update>
