<?xml version="1.0" encoding="UTF-8"?><record_update table="sp_container">
    <sp_container action="INSERT_OR_UPDATE">
        <background_color/>
        <background_image/>
        <background_style>default</background_style>
        <bootstrap_alt>false</bootstrap_alt>
        <class_name/>
        <container_class_name/>
        <name>Verify - Container 1</name>
        <order>1</order>
        <sp_page display_value="verify">4ab99a831b41e010ed077596cc4bcba3</sp_page>
        <subheader>false</subheader>
        <sys_class_name>sp_container</sys_class_name>
        <sys_created_by>admin</sys_created_by>
        <sys_created_on>2020-12-17 15:16:56</sys_created_on>
        <sys_id>4ab9da831b41e010ed077596cc4bcb17</sys_id>
        <sys_mod_count>0</sys_mod_count>
        <sys_name>Verify - Container 1</sys_name>
        <sys_package display_value="Email Verifier" source="x_364985_email_ver">fe2eec0f1b49a010ed077596cc4bcbe4</sys_package>
        <sys_policy/>
        <sys_scope display_value="Email Verifier">fe2eec0f1b49a010ed077596cc4bcbe4</sys_scope>
        <sys_update_name>sp_container_4ab9da831b41e010ed077596cc4bcb17</sys_update_name>
        <sys_updated_by>admin</sys_updated_by>
        <sys_updated_on>2020-12-17 15:16:56</sys_updated_on>
        <title/>
        <width>container</width>
    </sp_container>
</record_update>
