<?xml version="1.0" encoding="UTF-8"?><record_update table="sp_page">
    <sp_page action="INSERT_OR_UPDATE">
        <category>custom</category>
        <css/>
        <draft>false</draft>
        <dynamic_title_structure/>
        <id>verify</id>
        <internal>false</internal>
        <omit_watcher>false</omit_watcher>
        <public>true</public>
        <roles/>
        <seo_script/>
        <short_description/>
        <sys_class_name>sp_page</sys_class_name>
        <sys_created_by>admin</sys_created_by>
        <sys_created_on>2020-12-17 15:16:56</sys_created_on>
        <sys_id>4ab99a831b41e010ed077596cc4bcba3</sys_id>
        <sys_mod_count>1</sys_mod_count>
        <sys_name>verify</sys_name>
        <sys_package display_value="Email Verifier" source="x_364985_email_ver">fe2eec0f1b49a010ed077596cc4bcbe4</sys_package>
        <sys_policy/>
        <sys_scope display_value="Email Verifier">fe2eec0f1b49a010ed077596cc4bcbe4</sys_scope>
        <sys_update_name>sp_page_4ab99a831b41e010ed077596cc4bcba3</sys_update_name>
        <sys_updated_by>admin</sys_updated_by>
        <sys_updated_on>2020-12-17 15:29:23</sys_updated_on>
        <title>Verify</title>
        <use_seo_script>false</use_seo_script>
    </sp_page>
    <sys_translated_text action="delete_multiple" query="documentkey=4ab99a831b41e010ed077596cc4bcba3"/>
</record_update>
