<?xml version="1.0" encoding="UTF-8"?><record_update table="sys_script_email">
    <sys_script_email action="INSERT_OR_UPDATE">
        <name>link-to-verify</name>
        <new_lines_to_html>false</new_lines_to_html>
        <script><![CDATA[(function runMailScript( /* GlideRecord */ current, /* TemplatePrinter */ template,
    /* Optional EmailOutbound */
    email, /* Optional GlideRecord */ email_action,
    /* Optional GlideRecord */
    event) {

    var link = gs.getProperty('glide.servlet.uri') + 'sp?id=verify';

    template.print('<a href=' + link + '> '+link+' </a>');

})(current, template, email, email_action, event);]]></script>
        <sys_class_name>sys_script_email</sys_class_name>
        <sys_created_by>admin</sys_created_by>
        <sys_created_on>2020-12-17 15:29:51</sys_created_on>
        <sys_id>2dba9ec31b41e010ed077596cc4bcbf9</sys_id>
        <sys_mod_count>4</sys_mod_count>
        <sys_name>link-to-verify</sys_name>
        <sys_package display_value="Email Verifier" source="x_364985_email_ver">fe2eec0f1b49a010ed077596cc4bcbe4</sys_package>
        <sys_policy/>
        <sys_scope display_value="Email Verifier">fe2eec0f1b49a010ed077596cc4bcbe4</sys_scope>
        <sys_update_name>sys_script_email_2dba9ec31b41e010ed077596cc4bcbf9</sys_update_name>
        <sys_updated_by>admin</sys_updated_by>
        <sys_updated_on>2020-12-17 15:51:41</sys_updated_on>
    </sys_script_email>
</record_update>
