<?xml version="1.0" encoding="UTF-8"?><record_update table="sys_embedded_help_role">
    <sys_embedded_help_role action="INSERT_OR_UPDATE">
        <order>1000</order>
        <role display_value="x_364985_email_ver.user" name="x_364985_email_ver.user">023e20471bc5a010ed077596cc4bcbf2</role>
        <sys_class_name>sys_embedded_help_role</sys_class_name>
        <sys_created_by>admin</sys_created_by>
        <sys_created_on>2020-12-17 07:27:15</sys_created_on>
        <sys_id>ca3ea8cf1b49a010ed077596cc4bcb26</sys_id>
        <sys_mod_count>0</sys_mod_count>
        <sys_name>023e20471bc5a010ed077596cc4bcbf2</sys_name>
        <sys_package display_value="Email Verifier" source="x_364985_email_ver">fe2eec0f1b49a010ed077596cc4bcbe4</sys_package>
        <sys_policy/>
        <sys_scope display_value="Email Verifier">fe2eec0f1b49a010ed077596cc4bcbe4</sys_scope>
        <sys_update_name>sys_embedded_help_role_ca3ea8cf1b49a010ed077596cc4bcb26</sys_update_name>
        <sys_updated_by>admin</sys_updated_by>
        <sys_updated_on>2020-12-17 07:27:15</sys_updated_on>
    </sys_embedded_help_role>
</record_update>
