<?xml version="1.0" encoding="UTF-8"?><record_update>
    <sys_ui_list parent="" relationship="" sys_domain="global" table="x_364985_email_ver_verification" version="2" view="">
        <sys_ui_list_element action="INSERT_OR_UPDATE">
            <average_value>false</average_value>
            <element>number</element>
            <list_id display_value="x_364985_email_ver_verification" element="NULL" name="x_364985_email_ver_verification" parent="NULL" relationship="NULL" sys_domain="global" view="Default view">6490a68b1b41e010ed077596cc4bcb6f</list_id>
            <max_value>false</max_value>
            <min_value>false</min_value>
            <position>0</position>
            <sum>false</sum>
            <sys_created_by>admin</sys_created_by>
            <sys_created_on>2020-12-17 15:46:51</sys_created_on>
            <sys_id>2090a68b1b41e010ed077596cc4bcb70</sys_id>
            <sys_mod_count>0</sys_mod_count>
            <sys_updated_by>admin</sys_updated_by>
            <sys_updated_on>2020-12-17 15:46:51</sys_updated_on>
        </sys_ui_list_element>
        <sys_ui_list_element action="INSERT_OR_UPDATE">
            <average_value>false</average_value>
            <element>email</element>
            <list_id display_value="x_364985_email_ver_verification" element="NULL" name="x_364985_email_ver_verification" parent="NULL" relationship="NULL" sys_domain="global" view="Default view">6490a68b1b41e010ed077596cc4bcb6f</list_id>
            <max_value>false</max_value>
            <min_value>false</min_value>
            <position>1</position>
            <sum>false</sum>
            <sys_created_by>admin</sys_created_by>
            <sys_created_on>2020-12-17 15:46:51</sys_created_on>
            <sys_id>a090a68b1b41e010ed077596cc4bcb70</sys_id>
            <sys_mod_count>0</sys_mod_count>
            <sys_updated_by>admin</sys_updated_by>
            <sys_updated_on>2020-12-17 15:46:51</sys_updated_on>
        </sys_ui_list_element>
        <sys_ui_list_element action="INSERT_OR_UPDATE">
            <average_value>false</average_value>
            <element>status</element>
            <list_id display_value="x_364985_email_ver_verification" element="NULL" name="x_364985_email_ver_verification" parent="NULL" relationship="NULL" sys_domain="global" view="Default view">6490a68b1b41e010ed077596cc4bcb6f</list_id>
            <max_value>false</max_value>
            <min_value>false</min_value>
            <position>2</position>
            <sum>false</sum>
            <sys_created_by>admin</sys_created_by>
            <sys_created_on>2020-12-17 15:46:51</sys_created_on>
            <sys_id>2490a68b1b41e010ed077596cc4bcb70</sys_id>
            <sys_mod_count>0</sys_mod_count>
            <sys_updated_by>admin</sys_updated_by>
            <sys_updated_on>2020-12-17 15:46:51</sys_updated_on>
        </sys_ui_list_element>
        <sys_ui_list_element action="INSERT_OR_UPDATE">
            <average_value>false</average_value>
            <element>verification_date</element>
            <list_id display_value="x_364985_email_ver_verification" element="NULL" name="x_364985_email_ver_verification" parent="NULL" relationship="NULL" sys_domain="global" view="Default view">6490a68b1b41e010ed077596cc4bcb6f</list_id>
            <max_value>false</max_value>
            <min_value>false</min_value>
            <position>3</position>
            <sum>false</sum>
            <sys_created_by>admin</sys_created_by>
            <sys_created_on>2020-12-17 15:46:51</sys_created_on>
            <sys_id>a490a68b1b41e010ed077596cc4bcb70</sys_id>
            <sys_mod_count>0</sys_mod_count>
            <sys_updated_by>admin</sys_updated_by>
            <sys_updated_on>2020-12-17 15:46:51</sys_updated_on>
        </sys_ui_list_element>
        <sys_ui_list_element action="INSERT_OR_UPDATE">
            <average_value>false</average_value>
            <element>sys_created_on</element>
            <list_id display_value="x_364985_email_ver_verification" element="NULL" name="x_364985_email_ver_verification" parent="NULL" relationship="NULL" sys_domain="global" view="Default view">6490a68b1b41e010ed077596cc4bcb6f</list_id>
            <max_value>false</max_value>
            <min_value>false</min_value>
            <position>4</position>
            <sum>false</sum>
            <sys_created_by>admin</sys_created_by>
            <sys_created_on>2020-12-17 15:46:51</sys_created_on>
            <sys_id>2890a68b1b41e010ed077596cc4bcb70</sys_id>
            <sys_mod_count>0</sys_mod_count>
            <sys_updated_by>admin</sys_updated_by>
            <sys_updated_on>2020-12-17 15:46:51</sys_updated_on>
        </sys_ui_list_element>
        <sys_ui_list action="INSERT_OR_UPDATE">
            <average_value>false</average_value>
            <element/>
            <max_value>false</max_value>
            <min_value>false</min_value>
            <name>x_364985_email_ver_verification</name>
            <parent/>
            <position/>
            <relationship/>
            <sum>false</sum>
            <sys_class_name>sys_ui_list</sys_class_name>
            <sys_created_by>admin</sys_created_by>
            <sys_created_on>2020-12-17 15:46:51</sys_created_on>
            <sys_domain>global</sys_domain>
            <sys_domain_path>/</sys_domain_path>
            <sys_id>6490a68b1b41e010ed077596cc4bcb6f</sys_id>
            <sys_mod_count>0</sys_mod_count>
            <sys_name>x_364985_email_ver_verification</sys_name>
            <sys_package display_value="Email Verifier" source="x_364985_email_ver">fe2eec0f1b49a010ed077596cc4bcbe4</sys_package>
            <sys_policy/>
            <sys_scope display_value="Email Verifier">fe2eec0f1b49a010ed077596cc4bcbe4</sys_scope>
            <sys_update_name>sys_ui_list_x_364985_email_ver_verification_null</sys_update_name>
            <sys_updated_by>admin</sys_updated_by>
            <sys_updated_on>2020-12-17 15:46:51</sys_updated_on>
            <sys_user/>
            <view display_value="Default view" name="NULL">Default view</view>
            <view_name/>
        </sys_ui_list>
    </sys_ui_list>
</record_update>
