<?xml version="1.0" encoding="UTF-8"?><record_update>
    <sys_ui_list parent="" relationship="" sys_domain="global" table="x_364985_email_ver_verification" version="2" view="sys_ref_list">
        <sys_ui_list_element action="INSERT_OR_UPDATE">
            <average_value>false</average_value>
            <element>number</element>
            <list_id display_value="x_364985_email_ver_verification" element="NULL" name="x_364985_email_ver_verification" parent="NULL" relationship="NULL" sys_domain="global" view="ab6601427102101091f9db5cf8a372ef">b360268b1b41e010ed077596cc4bcbe0</list_id>
            <max_value>false</max_value>
            <min_value>false</min_value>
            <position>0</position>
            <sum>false</sum>
            <sys_created_by>admin</sys_created_by>
            <sys_created_on>2020-12-17 15:46:16</sys_created_on>
            <sys_id>ff60268b1b41e010ed077596cc4bcbe0</sys_id>
            <sys_mod_count>0</sys_mod_count>
            <sys_updated_by>admin</sys_updated_by>
            <sys_updated_on>2020-12-17 15:46:16</sys_updated_on>
        </sys_ui_list_element>
        <sys_ui_list action="INSERT_OR_UPDATE">
            <average_value>false</average_value>
            <element/>
            <max_value>false</max_value>
            <min_value>false</min_value>
            <name>x_364985_email_ver_verification</name>
            <parent/>
            <position/>
            <relationship/>
            <sum>false</sum>
            <sys_class_name>sys_ui_list</sys_class_name>
            <sys_created_by>admin</sys_created_by>
            <sys_created_on>2020-12-17 15:46:16</sys_created_on>
            <sys_domain>global</sys_domain>
            <sys_domain_path>/</sys_domain_path>
            <sys_id>b360268b1b41e010ed077596cc4bcbe0</sys_id>
            <sys_mod_count>0</sys_mod_count>
            <sys_name>x_364985_email_ver_verification</sys_name>
            <sys_package display_value="Email Verifier" source="x_364985_email_ver">fe2eec0f1b49a010ed077596cc4bcbe4</sys_package>
            <sys_policy/>
            <sys_scope display_value="Email Verifier">fe2eec0f1b49a010ed077596cc4bcbe4</sys_scope>
            <sys_update_name>sys_ui_list_x_364985_email_ver_verification_sys_ref_list</sys_update_name>
            <sys_updated_by>admin</sys_updated_by>
            <sys_updated_on>2020-12-17 15:46:16</sys_updated_on>
            <sys_user/>
            <view display_value="Reference List" name="sys_ref_list">ab6601427102101091f9db5cf8a372ef</view>
            <view_name/>
        </sys_ui_list>
    </sys_ui_list>
</record_update>
