<?xml version="1.0" encoding="UTF-8"?><record_update table="sys_user_role">
    <sys_user_role action="INSERT_OR_UPDATE">
        <assignable_by/>
        <can_delegate>true</can_delegate>
        <description/>
        <elevated_privilege>false</elevated_privilege>
        <encryption_context/>
        <grantable>true</grantable>
        <includes_roles/>
        <name>x_364985_email_ver.email_verification_user</name>
        <requires_subscription>-1</requires_subscription>
        <scoped_admin>false</scoped_admin>
        <suffix>email_verification_user</suffix>
        <sys_class_name>sys_user_role</sys_class_name>
        <sys_created_by>admin</sys_created_by>
        <sys_created_on>2020-12-17 07:30:42</sys_created_on>
        <sys_id>e40fac4f1b49a010ed077596cc4bcbdf</sys_id>
        <sys_mod_count>0</sys_mod_count>
        <sys_name>x_364985_email_ver.email_verification_user</sys_name>
        <sys_package display_value="Email Verifier" source="x_364985_email_ver">fe2eec0f1b49a010ed077596cc4bcbe4</sys_package>
        <sys_policy/>
        <sys_scope display_value="Email Verifier">fe2eec0f1b49a010ed077596cc4bcbe4</sys_scope>
        <sys_update_name>sys_user_role_e40fac4f1b49a010ed077596cc4bcbdf</sys_update_name>
        <sys_updated_by>admin</sys_updated_by>
        <sys_updated_on>2020-12-17 07:30:42</sys_updated_on>
    </sys_user_role>
</record_update>
