<?xml version="1.0" encoding="UTF-8"?><record_update table="sys_embedded_help_role">
    <sys_embedded_help_role action="INSERT_OR_UPDATE">
        <order>1000</order>
        <role display_value="x_364985_email_ver.email_verification_user" name="x_364985_email_ver.email_verification_user">e40fac4f1b49a010ed077596cc4bcbdf</role>
        <sys_class_name>sys_embedded_help_role</sys_class_name>
        <sys_created_by>admin</sys_created_by>
        <sys_created_on>2020-12-17 07:30:42</sys_created_on>
        <sys_id>200fac4f1b49a010ed077596cc4bcbe2</sys_id>
        <sys_mod_count>0</sys_mod_count>
        <sys_name>e40fac4f1b49a010ed077596cc4bcbdf</sys_name>
        <sys_package display_value="Email Verifier" source="x_364985_email_ver">fe2eec0f1b49a010ed077596cc4bcbe4</sys_package>
        <sys_policy/>
        <sys_scope display_value="Email Verifier">fe2eec0f1b49a010ed077596cc4bcbe4</sys_scope>
        <sys_update_name>sys_embedded_help_role_200fac4f1b49a010ed077596cc4bcbe2</sys_update_name>
        <sys_updated_by>admin</sys_updated_by>
        <sys_updated_on>2020-12-17 07:30:42</sys_updated_on>
    </sys_embedded_help_role>
</record_update>
