<?xml version="1.0" encoding="UTF-8"?><record_update>
    <sys_documentation element="verification_code" label="Verification Code" language="en" table="x_364985_email_ver_verification">
        <sys_documentation action="INSERT_OR_UPDATE">
            <element>verification_code</element>
            <help/>
            <hint/>
            <label>Verification Code</label>
            <language>en</language>
            <name>x_364985_email_ver_verification</name>
            <plural>Verification Codes</plural>
            <sys_class_name>sys_documentation</sys_class_name>
            <sys_created_by>admin</sys_created_by>
            <sys_created_on>2020-12-17 07:33:04</sys_created_on>
            <sys_id>578fec031b89a010ed077596cc4bcb2e</sys_id>
            <sys_mod_count>0</sys_mod_count>
            <sys_name>Verification Code</sys_name>
            <sys_package display_value="Email Verifier" source="x_364985_email_ver">fe2eec0f1b49a010ed077596cc4bcbe4</sys_package>
            <sys_policy/>
            <sys_scope display_value="Email Verifier">fe2eec0f1b49a010ed077596cc4bcbe4</sys_scope>
            <sys_update_name>sys_documentation_x_364985_email_ver_verification_verification_code_en</sys_update_name>
            <sys_updated_by>admin</sys_updated_by>
            <sys_updated_on>2020-12-17 07:33:04</sys_updated_on>
            <url/>
            <url_target/>
        </sys_documentation>
    </sys_documentation>
</record_update>
