<?xml version="1.0" encoding="UTF-8"?><record_update>
    <sys_ui_section caption="" section_id="bca11e4b1b01e010ed077596cc4bcb54" sys_domain="global" table="x_364985_email_ver_verification" version="3" view="">
        <sys_ui_element action="INSERT_OR_UPDATE">
            <element>number</element>
            <position>0</position>
            <sys_created_by>admin</sys_created_by>
            <sys_created_on>2020-12-17 15:45:09</sys_created_on>
            <sys_id>6720228b1b41e010ed077596cc4bcb2b</sys_id>
            <sys_mod_count>0</sys_mod_count>
            <sys_ui_formatter/>
            <sys_ui_section caption="NULL" display_value="" name="x_364985_email_ver_verification" sys_domain="global" view="Default view">bca11e4b1b01e010ed077596cc4bcb54</sys_ui_section>
            <sys_updated_by>admin</sys_updated_by>
            <sys_updated_on>2020-12-17 15:45:09</sys_updated_on>
            <sys_user/>
            <type/>
        </sys_ui_element>
        <sys_ui_element action="INSERT_OR_UPDATE">
            <element>email</element>
            <position>1</position>
            <sys_created_by>admin</sys_created_by>
            <sys_created_on>2020-12-17 15:45:09</sys_created_on>
            <sys_id>ef20228b1b41e010ed077596cc4bcb2b</sys_id>
            <sys_mod_count>0</sys_mod_count>
            <sys_ui_formatter/>
            <sys_ui_section caption="NULL" display_value="" name="x_364985_email_ver_verification" sys_domain="global" view="Default view">bca11e4b1b01e010ed077596cc4bcb54</sys_ui_section>
            <sys_updated_by>admin</sys_updated_by>
            <sys_updated_on>2020-12-17 15:45:09</sys_updated_on>
            <sys_user/>
            <type/>
        </sys_ui_element>
        <sys_ui_element action="INSERT_OR_UPDATE">
            <element>.split</element>
            <position>2</position>
            <sys_created_by>admin</sys_created_by>
            <sys_created_on>2020-12-17 15:45:09</sys_created_on>
            <sys_id>6720228b1b41e010ed077596cc4bcb2c</sys_id>
            <sys_mod_count>0</sys_mod_count>
            <sys_ui_formatter/>
            <sys_ui_section caption="NULL" display_value="" name="x_364985_email_ver_verification" sys_domain="global" view="Default view">bca11e4b1b01e010ed077596cc4bcb54</sys_ui_section>
            <sys_updated_by>admin</sys_updated_by>
            <sys_updated_on>2020-12-17 15:45:09</sys_updated_on>
            <sys_user/>
            <type>.split</type>
        </sys_ui_element>
        <sys_ui_element action="INSERT_OR_UPDATE">
            <element>status</element>
            <position>3</position>
            <sys_created_by>admin</sys_created_by>
            <sys_created_on>2020-12-17 15:45:09</sys_created_on>
            <sys_id>eb20228b1b41e010ed077596cc4bcb2c</sys_id>
            <sys_mod_count>0</sys_mod_count>
            <sys_ui_formatter/>
            <sys_ui_section caption="NULL" display_value="" name="x_364985_email_ver_verification" sys_domain="global" view="Default view">bca11e4b1b01e010ed077596cc4bcb54</sys_ui_section>
            <sys_updated_by>admin</sys_updated_by>
            <sys_updated_on>2020-12-17 15:45:09</sys_updated_on>
            <sys_user/>
            <type/>
        </sys_ui_element>
        <sys_ui_element action="INSERT_OR_UPDATE">
            <element>verification_code</element>
            <position>4</position>
            <sys_created_by>admin</sys_created_by>
            <sys_created_on>2020-12-17 15:45:09</sys_created_on>
            <sys_id>6320228b1b41e010ed077596cc4bcb2d</sys_id>
            <sys_mod_count>0</sys_mod_count>
            <sys_ui_formatter/>
            <sys_ui_section caption="NULL" display_value="" name="x_364985_email_ver_verification" sys_domain="global" view="Default view">bca11e4b1b01e010ed077596cc4bcb54</sys_ui_section>
            <sys_updated_by>admin</sys_updated_by>
            <sys_updated_on>2020-12-17 15:45:09</sys_updated_on>
            <sys_user/>
            <type/>
        </sys_ui_element>
        <sys_ui_element action="INSERT_OR_UPDATE">
            <element>verification_date</element>
            <position>5</position>
            <sys_created_by>admin</sys_created_by>
            <sys_created_on>2020-12-17 15:45:09</sys_created_on>
            <sys_id>af20228b1b41e010ed077596cc4bcb39</sys_id>
            <sys_mod_count>0</sys_mod_count>
            <sys_ui_formatter/>
            <sys_ui_section caption="NULL" display_value="" name="x_364985_email_ver_verification" sys_domain="global" view="Default view">bca11e4b1b01e010ed077596cc4bcb54</sys_ui_section>
            <sys_updated_by>admin</sys_updated_by>
            <sys_updated_on>2020-12-17 15:45:09</sys_updated_on>
            <sys_user/>
            <type/>
        </sys_ui_element>
        <sys_ui_section action="INSERT_OR_UPDATE">
            <caption/>
            <header>false</header>
            <name>x_364985_email_ver_verification</name>
            <roles/>
            <sys_class_name>sys_ui_section</sys_class_name>
            <sys_created_by>admin</sys_created_by>
            <sys_created_on>2020-12-17 14:41:37</sys_created_on>
            <sys_domain>global</sys_domain>
            <sys_domain_path>/</sys_domain_path>
            <sys_id>bca11e4b1b01e010ed077596cc4bcb54</sys_id>
            <sys_mod_count>0</sys_mod_count>
            <sys_name>x_364985_email_ver_verification</sys_name>
            <sys_overrides/>
            <sys_package display_value="Email Verifier" source="x_364985_email_ver">fe2eec0f1b49a010ed077596cc4bcbe4</sys_package>
            <sys_policy/>
            <sys_scope display_value="Email Verifier">fe2eec0f1b49a010ed077596cc4bcbe4</sys_scope>
            <sys_update_name>sys_ui_section_bca11e4b1b01e010ed077596cc4bcb54</sys_update_name>
            <sys_updated_by>admin</sys_updated_by>
            <sys_updated_on>2020-12-17 14:41:37</sys_updated_on>
            <sys_user/>
            <title>true</title>
            <view display_value="Default view" name="NULL">Default view</view>
            <view_name/>
        </sys_ui_section>
    </sys_ui_section>
</record_update>
