<?xml version="1.0" encoding="UTF-8"?><record_update table="sys_db_object">
    <sys_db_object action="INSERT_OR_UPDATE">
        <access>public</access>
        <actions_access>false</actions_access>
        <alter_access>false</alter_access>
        <caller_access/>
        <client_scripts_access>false</client_scripts_access>
        <configuration_access>false</configuration_access>
        <create_access>false</create_access>
        <create_access_controls>true</create_access_controls>
        <delete_access>false</delete_access>
        <extension_model/>
        <is_extendable>false</is_extendable>
        <label>Email Verification</label>
        <live_feed_enabled>false</live_feed_enabled>
        <name>x_364985_email_ver_verification</name>
        <number_ref display_value="EMV">f9c02e8b1b41e010ed077596cc4bcbcd</number_ref>
        <provider_class/>
        <read_access>true</read_access>
        <scriptable_table>false</scriptable_table>
        <super_class/>
        <sys_class_code/>
        <sys_class_name>sys_db_object</sys_class_name>
        <sys_class_path/>
        <sys_created_by>admin</sys_created_by>
        <sys_created_on>2020-12-17 07:30:42</sys_created_on>
        <sys_id>0ddea4031b89a010ed077596cc4bcb16</sys_id>
        <sys_mod_count>1</sys_mod_count>
        <sys_name>Email Verification</sys_name>
        <sys_package display_value="Email Verifier" source="x_364985_email_ver">fe2eec0f1b49a010ed077596cc4bcbe4</sys_package>
        <sys_policy/>
        <sys_scope display_value="Email Verifier">fe2eec0f1b49a010ed077596cc4bcbe4</sys_scope>
        <sys_update_name>sys_db_object_0ddea4031b89a010ed077596cc4bcb16</sys_update_name>
        <sys_updated_by>admin</sys_updated_by>
        <sys_updated_on>2020-12-17 15:48:05</sys_updated_on>
        <update_access>false</update_access>
        <user_role display_value="x_364985_email_ver.email_verification_user" name="x_364985_email_ver.email_verification_user">e40fac4f1b49a010ed077596cc4bcbdf</user_role>
        <ws_access>true</ws_access>
    </sys_db_object>
</record_update>
