<?xml version="1.0" encoding="UTF-8"?><record_update table="sys_security_acl">
    <sys_security_acl action="INSERT_OR_UPDATE">
        <active>true</active>
        <admin_overrides>true</admin_overrides>
        <advanced>false</advanced>
        <condition/>
        <description>Default access control on x_364985_email_ver_verification</description>
        <name>x_364985_email_ver_verification</name>
        <operation display_value="write">write</operation>
        <script/>
        <sys_class_name>sys_security_acl</sys_class_name>
        <sys_created_by>admin</sys_created_by>
        <sys_created_on>2020-12-17 07:30:43</sys_created_on>
        <sys_id>f00f68031b89a010ed077596cc4bcb50</sys_id>
        <sys_mod_count>0</sys_mod_count>
        <sys_name>x_364985_email_ver_verification</sys_name>
        <sys_package display_value="Email Verifier" source="x_364985_email_ver">fe2eec0f1b49a010ed077596cc4bcbe4</sys_package>
        <sys_policy/>
        <sys_scope display_value="Email Verifier">fe2eec0f1b49a010ed077596cc4bcbe4</sys_scope>
        <sys_update_name>sys_security_acl_f00f68031b89a010ed077596cc4bcb50</sys_update_name>
        <sys_updated_by>admin</sys_updated_by>
        <sys_updated_on>2020-12-17 07:30:43</sys_updated_on>
        <type display_value="record">record</type>
    </sys_security_acl>
</record_update>
