<?xml version="1.0" encoding="UTF-8"?><record_update table="sys_security_acl_role">
    <sys_security_acl_role action="INSERT_OR_UPDATE">
        <sys_class_name>sys_security_acl_role</sys_class_name>
        <sys_created_by>admin</sys_created_by>
        <sys_created_on>2020-12-17 07:30:43</sys_created_on>
        <sys_id>fc0f68031b89a010ed077596cc4bcb4b</sys_id>
        <sys_mod_count>0</sys_mod_count>
        <sys_name>x_364985_email_ver_verification.x_364985_email_ver.email_verification_user</sys_name>
        <sys_package display_value="Email Verifier" source="x_364985_email_ver">fe2eec0f1b49a010ed077596cc4bcbe4</sys_package>
        <sys_policy/>
        <sys_scope display_value="Email Verifier">fe2eec0f1b49a010ed077596cc4bcbe4</sys_scope>
        <sys_security_acl display_value="x_364985_email_ver_verification">780f68031b89a010ed077596cc4bcb47</sys_security_acl>
        <sys_update_name>sys_security_acl_role_fc0f68031b89a010ed077596cc4bcb4b</sys_update_name>
        <sys_updated_by>admin</sys_updated_by>
        <sys_updated_on>2020-12-17 07:30:43</sys_updated_on>
        <sys_user_role display_value="x_364985_email_ver.email_verification_user" name="x_364985_email_ver.email_verification_user">e40fac4f1b49a010ed077596cc4bcbdf</sys_user_role>
        <transaction_id/>
    </sys_security_acl_role>
</record_update>
