<?xml version="1.0" encoding="UTF-8"?><record_update sys_domain="global" table="sys_script">
    <sys_script action="INSERT_OR_UPDATE">
        <abort_action>false</abort_action>
        <access>package_private</access>
        <action_delete>false</action_delete>
        <action_insert>true</action_insert>
        <action_query>false</action_query>
        <action_update>false</action_update>
        <active>true</active>
        <add_message>false</add_message>
        <advanced>true</advanced>
        <change_fields>false</change_fields>
        <client_callable>false</client_callable>
        <collection>x_364985_email_ver_verification</collection>
        <condition/>
        <description/>
        <execute_function>false</execute_function>
        <filter_condition/>
        <is_rest>false</is_rest>
        <message/>
        <name>Create Random Code</name>
        <order>100</order>
        <priority>100</priority>
        <rest_method/>
        <rest_method_text/>
        <rest_service/>
        <rest_service_text/>
        <rest_variables/>
        <role_conditions/>
        <script><![CDATA[(function executeRule(current, previous /*null when async*/) {

	function randomCode() {
	var chars = "0123456789ABCDEFGHIJKLMNOPQRSTUVWXTZabcdefghiklmnopqrstuvwxyz";
	var string_length = 12;
	var randomstring = '';
	for (var i=0; i<string_length; i++) {
		var rnum = Math.floor(Math.random() * chars.length);
		randomstring += chars.substring(rnum,rnum+1);
	}
  return randomstring;
}

current.verification_code = randomCode();

})(current, previous);]]></script>
        <sys_class_name>sys_script</sys_class_name>
        <sys_created_by>admin</sys_created_by>
        <sys_created_on>2020-12-17 12:50:48</sys_created_on>
        <sys_domain>global</sys_domain>
        <sys_domain_path>/</sys_domain_path>
        <sys_id>eb08f1cf1b8da010ed077596cc4bcba8</sys_id>
        <sys_mod_count>0</sys_mod_count>
        <sys_name>Create Random Code</sys_name>
        <sys_overrides/>
        <sys_package display_value="Email Verifier" source="x_364985_email_ver">fe2eec0f1b49a010ed077596cc4bcbe4</sys_package>
        <sys_policy/>
        <sys_scope display_value="Email Verifier">fe2eec0f1b49a010ed077596cc4bcbe4</sys_scope>
        <sys_update_name>sys_script_eb08f1cf1b8da010ed077596cc4bcba8</sys_update_name>
        <sys_updated_by>admin</sys_updated_by>
        <sys_updated_on>2020-12-17 12:50:48</sys_updated_on>
        <template/>
        <when>before</when>
    </sys_script>
    <sys_translated_text action="delete_multiple" query="documentkey=eb08f1cf1b8da010ed077596cc4bcba8"/>
</record_update>
