<?xml version="1.0" encoding="UTF-8"?><record_update table="sys_ws_query_parameter">
    <sys_ws_query_parameter action="INSERT_OR_UPDATE">
        <example_value/>
        <name>code</name>
        <required>false</required>
        <short_description/>
        <sys_class_name>sys_ws_query_parameter</sys_class_name>
        <sys_created_by>admin</sys_created_by>
        <sys_created_on>2020-12-17 14:00:57</sys_created_on>
        <sys_id>dd4886031b01e010ed077596cc4bcb58</sys_id>
        <sys_mod_count>0</sys_mod_count>
        <sys_name>code</sys_name>
        <sys_package display_value="Email Verifier" source="x_364985_email_ver">fe2eec0f1b49a010ed077596cc4bcbe4</sys_package>
        <sys_policy/>
        <sys_scope display_value="Email Verifier">fe2eec0f1b49a010ed077596cc4bcbe4</sys_scope>
        <sys_update_name>sys_ws_query_parameter_dd4886031b01e010ed077596cc4bcb58</sys_update_name>
        <sys_updated_by>admin</sys_updated_by>
        <sys_updated_on>2020-12-17 14:00:57</sys_updated_on>
        <web_service_definition display_value="Verify Email">08aafd431bcda010ed077596cc4bcb3c</web_service_definition>
    </sys_ws_query_parameter>
</record_update>
