<?xml version="1.0" encoding="UTF-8"?><record_update table="sys_number">
    <sys_number action="INSERT_OR_UPDATE">
        <category display_value="" name="x_364985_email_ver_verification">x_364985_email_ver_verification</category>
        <maximum_digits>7</maximum_digits>
        <number>1000</number>
        <prefix>EMV</prefix>
        <sys_class_name>sys_number</sys_class_name>
        <sys_created_by>admin</sys_created_by>
        <sys_created_on>2020-12-17 15:48:05</sys_created_on>
        <sys_id>f9c02e8b1b41e010ed077596cc4bcbcd</sys_id>
        <sys_mod_count>0</sys_mod_count>
        <sys_name>EMV</sys_name>
        <sys_package display_value="Email Verifier" source="x_364985_email_ver">fe2eec0f1b49a010ed077596cc4bcbe4</sys_package>
        <sys_policy/>
        <sys_scope display_value="Email Verifier">fe2eec0f1b49a010ed077596cc4bcbe4</sys_scope>
        <sys_update_name>sys_number_f9c02e8b1b41e010ed077596cc4bcbcd</sys_update_name>
        <sys_updated_by>admin</sys_updated_by>
        <sys_updated_on>2020-12-17 15:48:05</sys_updated_on>
    </sys_number>
</record_update>
