<?xml version="1.0" encoding="UTF-8"?><record_update sys_domain="global" table="sys_app_application">
    <sys_app_application action="INSERT_OR_UPDATE">
        <active>true</active>
        <category display_value="">Custom Applications</category>
        <description>Small app to verify an email address</description>
        <device_type>browser</device_type>
        <hint>Small app to verify an email address</hint>
        <name/>
        <order/>
        <roles>x_364985_email_ver.user,x_364985_email_ver.admin</roles>
        <sys_class_name>sys_app_application</sys_class_name>
        <sys_created_by>admin</sys_created_by>
        <sys_created_on>2020-12-17 07:29:11</sys_created_on>
        <sys_domain>global</sys_domain>
        <sys_domain_path>/</sys_domain_path>
        <sys_id>5aae244f1b49a010ed077596cc4bcbad</sys_id>
        <sys_mod_count>0</sys_mod_count>
        <sys_name>Email Verifier</sys_name>
        <sys_overrides/>
        <sys_package display_value="Email Verifier" source="x_364985_email_ver">fe2eec0f1b49a010ed077596cc4bcbe4</sys_package>
        <sys_policy/>
        <sys_scope display_value="Email Verifier">fe2eec0f1b49a010ed077596cc4bcbe4</sys_scope>
        <sys_update_name>sys_app_application_5aae244f1b49a010ed077596cc4bcbad</sys_update_name>
        <sys_updated_by>admin</sys_updated_by>
        <sys_updated_on>2020-12-17 07:29:11</sys_updated_on>
        <title>Email Verifier</title>
        <view_name/>
    </sys_app_application>
</record_update>
