<?xml version="1.0" encoding="UTF-8"?><record_update sys_domain="global" table="sysevent_email_action">
    <sysevent_email_action action="INSERT_OR_UPDATE">
        <action_insert>true</action_insert>
        <action_update>false</action_update>
        <active>true</active>
        <advanced_condition/>
        <affected_field_on_event/>
        <category display_value="Uncategorized" name="Uncategorized">c97d83137f4432005f58108c3ffa917a</category>
        <collection>x_364985_email_ver_verification</collection>
        <condition/>
        <content_type>text/html</content_type>
        <default_interval/>
        <description/>
        <digest_from/>
        <digest_html/>
        <digest_reply_to/>
        <digest_separator_html><![CDATA[<p><br /></p>
<hr />
<p><br /></p>]]></digest_separator_html>
        <digest_separator_text><![CDATA[\n--------------------------------------------------------------------------------\n]]></digest_separator_text>
        <digest_subject/>
        <digest_template/>
        <digest_text/>
        <digestable>false</digestable>
        <event_name>alm_transfer_order_line_subtask.escalati</event_name>
        <event_parm_1>false</event_parm_1>
        <event_parm_2>false</event_parm_2>
        <exclude_delegates>false</exclude_delegates>
        <force_delivery>false</force_delivery>
        <from/>
        <generation_type>engine</generation_type>
        <importance/>
        <include_attachments>false</include_attachments>
        <item>event.parm1</item>
        <item_table/>
        <mandatory>false</mandatory>
        <message/>
        <message_html><![CDATA[<p>Dear Customer</p>
<p>We kindly ask you to confirm your e-mail address. <br />Please click on the following link:</p>
<p>${mail_script:link-to-verify-code}</p>
<p>If you are not redirected directly from your browser, please copy the following link and paste it into your browser window:</p>
<p>${mail_script:link-to-verify}</p>
<p>Please enter the following code in the field provided and confirm your entry by clicking on &laquo;Verify&raquo;.</p>
<p>${verification_code}</p>
<p>Best regards <br /></p>]]></message_html>
        <message_list/>
        <message_text/>
        <name>Verification Message</name>
        <omit_watermark>false</omit_watermark>
        <order>100</order>
        <push_message_only>false</push_message_only>
        <recipient_fields>email</recipient_fields>
        <recipient_groups/>
        <recipient_users/>
        <reply_to/>
        <send_self>true</send_self>
        <sms_alternate/>
        <style/>
        <subject>Email confirmation</subject>
        <subscribable>false</subscribable>
        <sys_class_name>sysevent_email_action</sys_class_name>
        <sys_created_by>admin</sys_created_by>
        <sys_created_on>2020-12-17 14:39:28</sys_created_on>
        <sys_domain>global</sys_domain>
        <sys_domain_path>/</sys_domain_path>
        <sys_id>9e0b06c31b01e010ed077596cc4bcbe5</sys_id>
        <sys_mod_count>6</sys_mod_count>
        <sys_name>Verification Message</sys_name>
        <sys_overrides/>
        <sys_package display_value="Email Verifier" source="x_364985_email_ver">fe2eec0f1b49a010ed077596cc4bcbe4</sys_package>
        <sys_policy/>
        <sys_scope display_value="Email Verifier">fe2eec0f1b49a010ed077596cc4bcbe4</sys_scope>
        <sys_update_name>sysevent_email_action_9e0b06c31b01e010ed077596cc4bcbe5</sys_update_name>
        <sys_updated_by>admin</sys_updated_by>
        <sys_updated_on>2020-12-17 15:32:40</sys_updated_on>
        <sys_version>2</sys_version>
        <template/>
        <type>email</type>
        <weight>0</weight>
    </sysevent_email_action>
</record_update>
